Session Code,Category A,Category B,Category C,Category D,Category E,Category F,Category G,Category H,Category I,Category J,
ARC01,-,-,-,-,-,-,-,-,-,-,
ARC02,-,-,-,-,-,-,-,-,-,-,
ARC03,$514.72,$279.07,$136.43,$28.00,-,-,-,-,-,-,
ARC04,$514.72,$279.07,$136.43,$28.00,-,-,-,-,-,-,
ARC05,$514.72,$279.07,$136.43,$28.00,-,-,-,-,-,-,
ARC06,$514.72,$279.07,$136.43,$28.00,-,-,-,-,-,-,
ARC07,$514.72,$279.07,$136.43,$28.00,-,-,-,-,-,-,
ARC08,$514.72,$279.07,$136.43,$28.00,-,-,-,-,-,-,
ARC09,$862.01,$477.52,$241.86,$104.19,-,-,-,-,-,-,
ARC10,$514.72,$279.07,$136.43,$28.00,-,-,-,-,-,-,
ARC11,$862.01,$477.52,$241.86,$104.19,-,-,-,-,-,-,
ARC12,$514.72,$279.07,$136.43,$28.00,-,-,-,-,-,-,
ARC13,$862.01,$477.52,$241.86,$104.19,-,-,-,-,-,-,
ARC14,$514.72,$279.07,$136.43,$28.00,-,-,-,-,-,-,
ARC15,$862.01,$477.52,$241.86,$104.19,-,-,-,-,-,-,
ARC16,$514.72,$279.07,$136.43,$28.00,-,-,-,-,-,-,
ARC17,$862.01,$477.52,$241.86,$104.19,-,-,-,-,-,-,
ATH01,"$1,035.65",$682.17,$485.91,$372.09,$248.06,$210.85,$136.43,$62.02,$43.41,-,
ATH02,"$2,460.76","$2,046.50","$1,364.33","$1,116.27",$744.18,$620.15,$403.10,$186.05,$104.19,-,
ATH03,"$1,035.65",$682.17,$485.91,$372.09,$248.06,$210.85,$136.43,$62.02,$43.41,-,
ATH04,"$2,460.76","$2,046.50","$1,364.33","$1,116.27",$744.18,$620.15,$403.10,$186.05,$104.19,-,
ATH05,"$1,141.08",$750.38,$502.32,$409.30,$272.87,$229.46,$148.84,$68.22,$43.41,-,
ATH06,"$2,460.76","$2,046.50","$1,364.33","$1,116.27",$744.18,$620.15,$403.10,$186.05,$104.19,-,
ATH07,"$1,035.65",$682.17,$459.81,$372.09,$248.06,$210.85,$136.43,$62.02,$28.00,-,
ATH08,"$2,460.76","$2,046.50","$1,364.33","$1,116.27",$744.18,$620.15,$403.10,$186.05,$104.19,-,
ATH09,"$1,141.08",$750.38,$502.32,$409.30,$272.87,$229.46,$148.84,$68.22,$43.41,-,
ATH10,"$2,460.76","$2,046.50","$1,364.33","$1,116.27",$744.18,$620.15,$403.10,$186.05,$104.19,-,
ATH11,"$1,141.08",$750.38,$502.32,$409.30,$272.87,$229.46,$148.84,$68.22,$43.41,-,
ATH12,"$2,460.76","$2,046.50","$1,364.33","$1,116.27",$744.18,$620.15,$403.10,$403.10,$104.19,-,
ATH13,"$1,141.08",$750.38,$502.32,$409.30,$272.87,$229.46,$148.84,$68.22,$43.41,-,
ATH14,"$2,460.76","$2,046.50","$1,364.33","$1,116.27",$744.18,$620.15,$403.10,$186.05,$104.19,-,
ATH15,"$2,460.76","$2,046.50","$1,364.33","$1,116.27",$744.18,$620.15,$403.10,$186.05,$104.19,-,
ATH16,"$2,460.76","$2,046.50","$1,364.33","$1,116.27",$744.18,$620.15,$403.10,$186.05,$104.19,-,
ATH17,"$2,460.76","$2,046.50","$1,364.33","$1,116.27",$744.18,$620.15,$403.10,$186.05,$104.19,-,
ATH18,-,-,-,-,-,-,-,-,-,-,
ATH19,-,-,-,-,-,-,-,-,-,-,
ATH20,-,-,-,-,-,-,-,-,-,-,
BDM01,$303.87,$204.65,$136.43,$28.00,-,-,-,-,-,-,
BDM02,$303.87,$204.65,$136.43,$28.00,-,-,-,-,-,-,
BDM03,$303.87,$204.65,$136.43,$28.00,-,-,-,-,-,-,
BDM04,$303.87,$204.65,$136.43,$28.00,-,-,-,-,-,-,
BDM05,$303.87,$204.65,$136.43,$28.00,-,-,-,-,-,-,
BDM06,$303.87,$204.65,$136.43,$28.00,-,-,-,-,-,-,
BDM07,$303.87,$204.65,$136.43,$28.00,-,-,-,-,-,-,
BDM08,$303.87,$204.65,$136.43,$28.00,-,-,-,-,-,-,
BDM09,$303.87,$204.65,$136.43,$28.00,-,-,-,-,-,-,
BDM10,$303.87,$204.65,$136.43,$28.00,-,-,-,-,-,-,
BDM11,$303.87,$204.65,$136.43,$28.00,-,-,-,-,-,-,
BDM12,$303.87,$204.65,$136.43,$28.00,-,-,-,-,-,-,
BDM13,$316.28,$217.05,$142.63,$68.22,-,-,-,-,-,-,
BDM14,$303.87,$204.65,$136.43,$28.00,-,-,-,-,-,-,
BDM15,$303.87,$204.65,$136.43,$28.00,-,-,-,-,-,-,
BDM16,$378.29,$254.26,$173.64,$74.42,-,-,-,-,-,-,
BDM17,$303.87,$204.65,$136.43,$28.00,-,-,-,-,-,-,
BDM18,$316.28,$217.05,$142.63,$68.22,-,-,-,-,-,-,
BDM19,$570.54,$384.49,$260.46,$104.19,-,-,-,-,-,-,
BDM20,$378.29,$254.26,$173.64,$74.42,-,-,-,-,-,-,
BDM21,$570.54,$384.49,$260.46,$104.19,-,-,-,-,-,-,
BDM22,$316.28,$217.05,$142.63,$68.22,-,-,-,-,-,-,
BDM23,$570.54,$384.49,$260.46,$104.19,-,-,-,-,-,-,
BDM24,$403.10,$272.87,$179.84,$86.82,-,-,-,-,-,-,
BDM25,$570.54,$384.49,$260.46,$104.19,-,-,-,-,-,-,
BDM26,$570.54,$384.49,$260.46,$104.19,-,-,-,-,-,-,
BK301,$365.89,$155.04,$28.00,-,-,-,-,-,-,-,
BK302,$365.89,$155.04,$28.00,-,-,-,-,-,-,-,
BK303,$365.89,$155.04,$28.00,-,-,-,-,-,-,-,
BK304,$365.89,$155.04,$28.00,-,-,-,-,-,-,-,
BK305,$365.89,$155.04,$28.00,-,-,-,-,-,-,-,
BK306,$365.89,$155.04,$28.00,-,-,-,-,-,-,-,
BK307,$365.89,$155.04,$28.00,-,-,-,-,-,-,-,
BK308,$365.89,$155.04,$28.00,-,-,-,-,-,-,-,
BK309,$365.89,$155.04,$28.00,-,-,-,-,-,-,-,
BK310,$365.89,$155.04,$28.00,-,-,-,-,-,-,-,
BK311,$365.89,$155.04,$28.00,-,-,-,-,-,-,-,
BK312,$365.89,$155.04,$28.00,-,-,-,-,-,-,-,
BK313,$365.89,$155.04,$28.00,-,-,-,-,-,-,-,
BK314,$365.89,$155.04,$28.00,-,-,-,-,-,-,-,
BK315,$384.49,$167.44,$32.71,-,-,-,-,-,-,-,
BK316,$365.89,$155.04,$28.00,-,-,-,-,-,-,-,
BK317,$496.12,$254.26,$43.41,-,-,-,-,-,-,-,
BK318,$520.93,$266.66,$43.41,-,-,-,-,-,-,-,
BK319,$558.14,$303.87,$49.61,-,-,-,-,-,-,-,
BK320,$682.17,$458.91,$235.66,-,-,-,-,-,-,-,
BKB01,-,-,$267.20,$184.50,$152.69,$76.34,$50.90,$28.00,-,-,
BKB02,-,-,$267.20,$184.50,$152.69,$76.34,$50.90,$28.00,-,-,
BKB03,-,-,$267.20,$184.50,$152.69,$76.34,$50.90,$28.00,-,-,
BKB04,-,-,$485.06,$305.38,$254.48,$133.61,$89.07,$50.90,-,-,
BKB05,-,-,$267.20,$184.50,$152.69,$76.34,$50.90,$28.00,-,-,
BKB06,-,-,$267.20,$184.50,$152.69,$76.34,$50.90,$28.00,-,-,
BKB07,-,-,$485.06,$305.38,$254.48,$133.61,$89.07,$50.90,-,-,
BKB08,-,-,$485.06,$305.38,$254.48,$133.61,$89.07,$50.90,-,-,
BKB09,-,-,$485.06,$305.38,$254.48,$133.61,$89.07,$50.90,-,-,
BKB10,-,-,$267.20,$184.50,$152.69,$76.34,$50.90,$28.00,-,-,
BKB11,-,-,$267.20,$184.50,$152.69,$76.34,$50.90,$28.00,-,-,
BKB12,-,-,$267.20,$184.50,$152.69,$76.34,$50.90,$28.00,-,-,
BKB13,-,-,$267.20,$184.50,$152.69,$76.34,$50.90,$28.00,-,-,
BKB14,-,-,$485.06,$305.38,$254.48,$133.61,$89.07,$50.90,-,-,
BKB15,-,-,$485.06,$305.38,$254.48,$133.61,$89.07,$50.90,-,-,
BKB16,-,-,$485.06,$305.38,$254.48,$133.61,$89.07,$50.90,-,-,
BKB17,-,-,$485.06,$305.38,$254.48,$133.61,$89.07,$50.90,-,-,
BKB18,-,-,$485.06,$305.38,$254.48,$133.61,$89.07,$50.90,-,-,
BKB19,-,-,$267.20,$184.50,$152.69,$76.34,$50.90,$28.00,-,-,
BKB20,-,-,$267.20,$184.50,$152.69,$76.34,$50.90,$28.00,-,-,
BKB21,-,-,$267.20,$184.50,$152.69,$76.34,$50.90,$28.00,-,-,
BKB22,-,-,$267.20,$184.50,$152.69,$76.34,$50.90,$28.00,-,-,
BKB23,-,-,$485.06,$305.38,$254.48,$133.61,$89.07,$50.90,-,-,
BKB24,-,-,$485.06,$305.38,$254.48,$133.61,$89.07,$50.90,-,-,
BKB25,-,-,$485.06,$305.38,$254.48,$133.61,$89.07,$50.90,-,-,
BKB26,-,-,$485.06,$305.38,$254.48,$133.61,$89.07,$50.90,-,-,
BKB27,-,-,$485.06,$305.38,$254.48,$133.61,$89.07,$50.90,-,-,
BKB28,-,-,$375.36,$248.12,$209.95,$108.16,$69.99,$38.17,-,-,
BKB29,-,-,$394.44,$260.85,$222.68,$114.52,$76.34,$44.54,-,-,
BKB30,-,-,$375.36,$248.12,$209.95,$108.16,$69.99,$38.17,-,-,
BKB31,-,-,$394.44,$260.85,$222.68,$114.52,$76.34,$44.54,-,-,
BKB32,-,-,$632.48,$419.89,$349.92,$178.14,$120.88,$82.71,-,-,
BKB33,-,-,$655.29,$438.98,$362.64,$184.50,$127.24,$89.07,-,-,
BKB34,-,-,$632.48,$419.89,$349.92,$178.14,$120.88,$82.71,-,-,
BKB35,-,-,$655.29,$438.98,$362.64,$184.50,$127.24,$89.07,-,-,
BKB36,-,-,$451.71,$305.38,$254.48,$127.24,$89.07,$50.90,-,-,
BKB37,-,-,$451.71,$305.38,$254.48,$127.24,$89.07,$50.90,-,-,
BKB38,-,-,$750.72,$502.60,$419.89,$209.95,$139.96,$101.79,-,-,Currently Unavailable
BKB39,-,-,$750.72,$502.60,$419.89,$209.95,$139.96,$101.79,-,-,Currently Unavailable
BKB40,-,-,$731.64,$489.88,$407.17,$203.58,$133.61,$106.88,-,-,
BKB41,-,-,"$1,819.53","$1,215.15","$1,011.56",$508.96,$343.55,$106.88,-,-,
BKB42,-,-,"$1,145.16",$736.44,$646.20,$318.10,$222.68,$106.88,-,-,
BKB43,-,-,"$3,455.48","$2,290.32","$1,908.60",$954.30,$642.57,$106.88,-,-,Currently Unavailable
BMF01,$297.67,$210.85,$117.83,$28.00,-,-,-,-,-,-,
BMF02,$558.14,$396.90,$229.46,$86.82,-,-,-,-,-,-,
BMX01,$310.08,$223.25,$130.23,$28.00,-,-,-,-,-,-,
BMX02,$558.14,$396.90,$229.46,$86.82,-,-,-,-,-,-,
BOX01,$440.31,$210.85,$28.00,-,-,-,-,-,-,-,
BOX02,$440.31,$210.85,$28.00,-,-,-,-,-,-,-,
BOX03,$440.31,$210.85,$28.00,-,-,-,-,-,-,-,
BOX04,$440.31,$210.85,$28.00,-,-,-,-,-,-,-,
BOX05,$440.31,$210.85,$28.00,-,-,-,-,-,-,-,
BOX06,$440.31,$210.85,$28.00,-,-,-,-,-,-,-,
BOX07,$551.93,$266.66,$62.02,-,-,-,-,-,-,-,
BOX08,$551.93,$266.66,$62.02,-,-,-,-,-,-,-,
BOX09,$551.93,$266.66,$62.02,-,-,-,-,-,-,-,
BOX10,$551.93,$266.66,$62.02,-,-,-,-,-,-,-,
BOX11,$551.93,$266.66,$62.02,-,-,-,-,-,-,-,
BOX12,$551.93,$266.66,$62.02,-,-,-,-,-,-,-,
BOX13,$551.93,$266.66,$62.02,-,-,-,-,-,-,-,
BOX14,$551.93,$266.66,$62.02,-,-,-,-,-,-,-,
BOX15,$731.78,$353.49,$80.62,-,-,-,-,-,-,-,
BOX16,$731.78,$353.49,$80.62,-,-,-,-,-,-,-,
BOX17,$731.78,$353.49,$80.62,-,-,-,-,-,-,-,
BOX18,"$1,215.49",$737.98,$396.90,$198.45,$104.19,-,-,-,-,-,
BOX19,"$1,215.49",$737.98,$396.90,$198.45,$104.19,-,-,-,-,-,
BOX20,"$1,215.49",$737.98,$396.90,$198.45,$104.19,-,-,-,-,-,
BOX21,"$1,215.49",$737.98,$396.90,$198.45,$104.19,-,-,-,-,-,
BOX22,"$1,215.49",$737.98,$396.90,$198.45,$104.19,-,-,-,-,-,
SWM16,"$1,215.49",$737.98,$396.90,$198.45,$104.19,-,-,-,-,-,
BOX24,"$1,215.49",$737.98,$396.90,$198.45,$104.19,-,-,-,-,-,
BSB01,$775.19,$520.93,$341.08,$279.07,$204.65,$130.23,$99.22,$68.22,$43.31,$28.00,
BSB02,$775.19,$520.93,$341.08,$279.07,$204.65,$130.23,$99.22,$68.22,$43.31,$28.00,
BSB03,$775.19,$520.93,$341.08,$279.07,$204.65,$130.23,$99.22,$68.22,$43.31,$28.00,
BSB04,$775.19,$520.93,$341.08,$279.07,$204.65,$130.23,$99.22,$68.22,$43.31,$28.00,
BSB05,$775.19,$520.93,$341.08,$279.07,$204.65,$130.23,$99.22,$68.22,$43.31,$28.00,
BSB06,$775.19,$520.93,$341.08,$279.07,$204.65,$130.23,$99.22,$68.22,$43.31,$28.00,
BSB07,$911.62,$613.95,$403.10,$328.68,$235.66,$148.84,$117.83,$80.62,$49.61,$37.21,
BSB08,$911.62,$613.95,$403.10,$328.68,$235.66,$148.84,$117.83,$80.62,$49.61,$37.21,
BSB09,"$1,178.29",$787.59,$514.72,$384.49,$303.87,$192.25,$148.84,$99.22,$62.02,$43.41,
BSB10,"$1,178.29",$787.59,$514.72,$384.49,$303.87,$192.25,$148.84,$99.22,$62.02,$43.41,
BSB11,"$1,420.14",$948.83,$620.15,$465.11,$365.89,$229.46,$179.84,$117.83,$74.42,$49.61,
BSB12,"$1,717.82","$1,153.48",$750.38,$558.14,$446.51,$279.07,$217.05,$142.63,$86.82,$55.81,
BSB13,$553.99,$256.73,$121.61,$37.84,-,-,-,-,-,-,
BSB14,$553.99,$256.73,$121.61,$37.84,-,-,-,-,-,-,
BSB15,$553.99,$256.73,$121.61,$37.84,-,-,-,-,-,-,
BSB16,$553.99,$256.73,$121.61,$37.84,-,-,-,-,-,-,
BSB17,$553.99,$256.73,$121.61,$37.84,-,-,-,-,-,-,
BSB18,$553.99,$256.73,$121.61,$37.84,-,-,-,-,-,-,
BSB19,$553.99,$256.73,$121.61,$37.84,-,-,-,-,-,-,
BSB20,$553.99,$256.73,$121.61,$37.84,-,-,-,-,-,-,
BSB21,$553.99,$256.73,$121.61,$37.84,-,-,-,-,-,-,
BSB22,$553.99,$256.73,$121.61,$37.84,-,-,-,-,-,-,
BSB23,$553.99,$256.73,$121.61,$37.84,-,-,-,-,-,-,
BSB24,$553.99,$256.73,$121.61,$37.84,-,-,-,-,-,-,
BSB25,$553.99,$256.73,$121.61,$37.84,-,-,-,-,-,-,
BSB26,$553.99,$256.73,$121.61,$37.84,-,-,-,-,-,-,
BSB27,$553.99,$256.73,$121.61,$37.84,-,-,-,-,-,-,
BSB28,$736.41,$344.55,$162.15,$60.81,-,-,-,-,-,-,
BSB29,"$1,047.18",$486.43,$222.94,$81.07,-,-,-,-,-,-,
CER01A,"$5,519.34","$3,906.95","$2,604.63","$1,612.39","$1,085.26",$713.17,$489.92,$328.68,-,-,
CER01B,-,-,-,-,-,-,-,-,-,-,
CER02,"$4,961.20","$3,162.77","$2,108.51","$1,234.10",$644.96,$440.31,$217.05,$28.00,-,-,
CKT01,$254.26,$173.64,$93.02,$28.00,-,-,-,-,-,-,
CKT02,$279.07,$192.25,$105.43,$37.21,-,-,-,-,-,-,
CKT03,$254.26,$173.64,$93.02,$28.00,-,-,-,-,-,-,
CKT04,$279.07,$192.25,$105.43,$37.21,-,-,-,-,-,-,
CKT05,$254.26,$173.64,$93.02,$28.00,-,-,-,-,-,-,
CKT06,$279.07,$192.25,$105.43,$37.21,-,-,-,-,-,-,
CKT07,$254.26,$173.64,$93.02,$28.00,-,-,-,-,-,-,
CKT08,$279.07,$192.25,$105.43,$37.21,-,-,-,-,-,-,
CKT09,$254.26,$173.64,$93.02,$28.00,-,-,-,-,-,-,
CKT10,$279.07,$192.25,$105.43,$37.21,-,-,-,-,-,-,
CKT11,$254.26,$173.64,$93.02,$28.00,-,-,-,-,-,-,
CKT12,$279.07,$192.25,$105.43,$37.21,-,-,-,-,-,-,
CKT13,$316.28,$217.05,$117.83,$43.41,-,-,-,-,-,-,
CKT14,$477.52,$328.68,$173.64,$68.22,-,-,-,-,-,-,
CKT15,$254.26,$173.64,$93.02,$28.00,-,-,-,-,-,-,
CKT16,$279.07,$192.25,$105.43,$37.21,-,-,-,-,-,-,
CKT17,$254.26,$173.64,$93.02,$28.00,-,-,-,-,-,-,
CKT18,$279.07,$192.25,$105.43,$37.21,-,-,-,-,-,-,
CKT19,$254.26,$173.64,$93.02,$28.00,-,-,-,-,-,-,
CKT20,$279.07,$192.25,$105.43,$37.21,-,-,-,-,-,-,
CKT21,$254.26,$173.64,$93.02,$28.00,-,-,-,-,-,-,
CKT22,$279.07,$192.25,$105.43,$37.21,-,-,-,-,-,-,
CKT23,$254.26,$173.64,$93.02,$28.00,-,-,-,-,-,-,
CKT24,$279.07,$192.25,$105.43,$37.21,-,-,-,-,-,-,
CKT25,$254.26,$173.64,$93.02,$28.00,-,-,-,-,-,-,
CKT26,$279.07,$192.25,$105.43,$37.21,-,-,-,-,-,-,
CKT27,$347.28,$235.66,$130.23,$49.61,-,-,-,-,-,-,
CKT28,$527.13,$359.69,$192.25,$74.42,-,-,-,-,-,-,
CLB01,$303.87,$210.85,$130.23,$49.61,-,-,-,-,-,-,
CLB02,$248.06,$167.44,$105.43,$28.00,-,-,-,-,-,-,
CLB03,$303.87,$210.85,$130.23,$49.61,-,-,-,-,-,-,
CLB04,$303.87,$210.85,$130.23,$49.61,-,-,-,-,-,-,
CLB05,$465.11,$322.48,$192.25,$74.42,-,-,-,-,-,-,
CLB06,$303.87,$210.85,$130.23,$49.61,-,-,-,-,-,-,
CLB07,$465.11,$322.48,$192.25,$74.42,-,-,-,-,-,-,
CLB08,$465.11,$322.48,$192.25,$74.42,-,-,-,-,-,-,
CLB09,$465.11,$322.48,$192.25,$74.42,-,-,-,-,-,-,
CLB10,$465.11,$322.48,$192.25,$74.42,-,-,-,-,-,-,
CRD01,-,-,-,-,-,-,-,-,-,-,
CRD02,-,-,-,-,-,-,-,-,-,-,
CRD03,-,-,-,-,-,-,-,-,-,-,
CSL01,$290.51,$195.93,$114.85,$37.84,-,-,-,-,-,-,
CSL02,$553.99,$378.33,$209.43,$81.07,-,-,-,-,-,-,
CSL03,$553.99,$378.33,$209.43,$81.07,-,-,-,-,-,-,
CSL04,$290.51,$195.93,$114.85,$37.84,-,-,-,-,-,-,
CSL05,$553.99,$378.33,$209.43,$81.07,-,-,-,-,-,-,
CSL06,$553.99,$378.33,$209.43,$81.07,-,-,-,-,-,-,
CSL07,$290.51,$195.93,$114.85,$37.84,-,-,-,-,-,-,
CSL08,$290.51,$195.93,$114.85,$37.84,-,-,-,-,-,-,
CSL09,$553.99,$378.33,$209.43,$81.07,-,-,-,-,-,-,
CSP01,$285.27,$192.25,$111.63,$28.00,-,-,-,-,-,-,
CSP02,$508.52,$347.28,$192.25,$74.42,-,-,-,-,-,-,
CSP03,$285.27,$192.25,$111.63,$28.00,-,-,-,-,-,-,
CSP04,$508.52,$347.28,$192.25,$74.42,-,-,-,-,-,-,
CSP05,$508.52,$347.28,$192.25,$74.42,-,-,-,-,-,-,
CTR01,$297.67,$210.85,$28.00,-,-,-,-,-,-,-,
CTR02,$558.14,$396.90,$86.82,-,-,-,-,-,-,-,
CTR03,$297.67,$210.85,$28.00,-,-,-,-,-,-,-,
CTR04,$558.14,$396.90,$86.82,-,-,-,-,-,-,-,
CTR05,$558.14,$396.90,$86.82,-,-,-,-,-,-,-,
CTR06,$365.89,$260.46,$68.22,-,-,-,-,-,-,-,
CTR07,$558.14,$396.90,$86.82,-,-,-,-,-,-,-,
CTR08,$558.14,$396.90,$86.82,-,-,-,-,-,-,-,
CTR09,$558.14,$396.90,$86.82,-,-,-,-,-,-,-,
DIV01,$498.44,$312.39,$163.56,$28.00,-,-,-,-,-,-,
DIV02,$554.26,$393.00,$206.97,$64.33,-,-,-,-,-,-,
DIV03,$684.46,$529.45,$312.39,$106.50,-,-,-,-,-,-,
DIV04,$498.44,$312.39,$163.56,$28.00,-,-,-,-,-,-,
DIV05,$554.26,$393.00,$206.97,$64.33,-,-,-,-,-,-,
DIV06,$684.46,$529.45,$312.39,$106.50,-,-,-,-,-,-,
DIV07,$498.44,$312.39,$163.56,$28.00,-,-,-,-,-,-,
DIV08,$554.26,$393.00,$206.97,$64.33,-,-,-,-,-,-,
DIV09,$498.44,$312.39,$163.56,$28.00,-,-,-,-,-,-,
DIV10,$684.46,$529.45,$312.39,$106.50,-,-,-,-,-,-,
DIV11,$554.26,$393.00,$206.97,$64.33,-,-,-,-,-,-,
DIV12,$684.46,$529.45,$312.39,$106.50,-,-,-,-,-,-,
DIV13,$684.46,$529.45,$312.39,$106.50,-,-,-,-,-,-,
DIV14,$684.46,$529.45,$312.39,$106.50,-,-,-,-,-,-,
DIV15,$684.46,$529.45,$312.39,$106.50,-,-,-,-,-,-,
DIV16,$684.46,$529.45,$312.39,$106.50,-,-,-,-,-,-,
EQU01,$292.72,$187.29,$106.67,$28.00,-,-,-,-,-,-,
EQU02,$292.72,$187.29,$106.67,$28.00,-,-,-,-,-,-,
EQU03,$292.72,$187.29,$106.67,$28.00,-,-,-,-,-,-,
EQU04,$292.72,$187.29,$106.67,$28.00,-,-,-,-,-,-,
EQU05,$553.18,$348.18,$205.90,$75.66,-,-,-,-,-,-,
EQU06,$292.72,$187.29,$106.67,$28.00,-,-,-,-,-,-,
EQU07,$292.72,$187.29,$106.67,$28.00,-,-,-,-,-,-,
EQU08,$292.72,$187.29,$106.67,$28.00,-,-,-,-,-,-,
EQU09,$292.72,$187.29,$106.67,$28.00,-,-,-,-,-,-,
EQU10,$553.18,$348.18,$205.90,$75.66,-,-,-,-,-,-,
EQU11,$553.18,$348.18,$205.90,$75.66,-,-,-,-,-,-,
EQU12,$553.18,$348.18,$205.90,$75.66,-,-,-,-,-,-,
EQU13,$292.72,$187.29,$106.67,$28.00,-,-,-,-,-,-,
EQU14,$553.18,$348.18,$205.90,$75.66,-,-,-,-,-,-,
EQU15,$292.72,$187.29,$106.67,$28.00,-,-,-,-,-,-,
EQU16,$553.18,$348.18,$205.90,$75.66,-,-,-,-,-,-,
FBL01,$392.80,$284.45,$196.40,$142.22,$101.59,$28.00,-,-,-,-,
FBL02,-,-,-,-,-,-,-,-,-,-,
FBL03,$378.31,$273.94,$189.15,$136.97,$97.84,$28.00,-,-,-,-,
FBL04,-,-,-,-,-,-,-,-,-,-,
FBL05,$398.39,$289.13,$200.37,$145.73,$104.76,$28.00,-,-,-,-,
FBL06,$403.27,$292.03,$201.64,$146.01,$104.30,$28.00,-,-,-,-,
FBL07,$398.39,$289.13,$200.37,$145.73,$104.76,$28.00,-,-,-,-,
FBL08,$403.27,$292.03,$201.64,$146.01,$104.30,$28.00,-,-,-,-,
FBL09,$378.31,$273.94,$189.15,$136.97,$97.84,$28.00,-,-,-,-,
FBL10,$392.80,$284.45,$196.40,$142.22,$101.59,$28.00,-,-,-,-,
FBL11,$359.69,$260.46,$179.84,$130.23,$93.02,$28.00,-,-,-,-,
FBL12,-,-,-,-,-,-,-,-,-,-,
FBL13,$359.69,$260.46,$179.84,$130.23,$93.02,$20.00,-,-,-,-,
FBL14,-,-,-,-,-,-,-,-,-,-,
FBL15,$392.80,$284.45,$196.40,$142.22,$101.59,$28.00,-,-,-,-,
FBL16,-,-,-,-,-,-,-,-,-,-,
FBL17,$378.31,$273.94,$189.15,$136.97,$97.84,$28.00,-,-,-,-,
FBL18,-,-,-,-,-,-,-,-,-,-,
FBL19,$403.27,$292.03,$201.64,$146.01,$104.30,$28.00,-,-,-,-,
FBL20,$398.39,$289.13,$200.37,$145.73,$104.76,$28.00,-,-,-,-,
FBL21,$398.39,$289.13,$200.37,$145.73,$104.76,$28.00,-,-,-,-,
FBL22,$403.27,$292.03,$201.64,$146.01,$104.30,$28.00,-,-,-,-,
FBL23,$378.31,$273.94,$189.15,$136.97,$97.84,$28.00,-,-,-,-,
FBL24,$392.80,$284.45,$196.40,$142.22,$101.59,$28.00,-,-,-,-,
FBL25,$359.69,$260.46,$179.84,$130.23,$93.02,$20.00,-,-,-,-,
FBL26,$359.69,$260.46,$179.84,$130.23,$93.02,$20.00,-,-,-,-,
FBL27,$359.69,$260.46,$179.84,$130.23,$93.02,$28.00,-,-,-,-,
FBL28,$359.69,$260.46,$179.84,$130.23,$93.02,$28.00,-,-,-,-,
FBL29,$392.80,$284.45,$196.40,$142.22,$101.59,$28.00,-,-,-,-,
FBL30,$378.31,$273.94,$189.15,$136.97,$97.84,$28.00,-,-,-,-,
FBL31,-,-,-,-,-,-,-,-,-,-,
FBL32,$398.39,$289.13,$200.37,$145.73,$104.76,$28.00,-,-,-,-,
FBL33,$403.27,$292.03,$201.64,$146.01,$104.30,$28.00,-,-,-,-,
FBL34,-,-,-,-,-,-,-,-,-,-,
FBL35,$403.27,$292.03,$201.64,$146.01,$104.30,$28.00,-,-,-,-,
FBL36,$398.39,$289.13,$200.37,$145.73,$104.76,$28.00,-,-,-,-,
FBL37,-,-,-,-,-,-,-,-,-,-,
FBL38,$392.80,$284.45,$196.40,$142.22,$101.59,$28.00,-,-,-,-,
FBL39,$359.69,$260.46,$179.84,$130.23,$93.02,$20.00,-,-,-,-,
FBL40,-,-,-,-,-,-,-,-,-,-,
FBL41,$359.69,$260.46,$179.84,$130.23,$93.02,$28.00,-,-,-,-,
FBL42,-,-,-,-,-,-,-,-,-,-,
FBL43,$397.87,$286.99,$195.68,$143.49,$103.36,$28.00,-,-,-,-,
FBL44,$418.88,$302.79,$207.19,$152.56,$111.59,$28.00,-,-,-,-,
FBL45,$414.13,$305.93,$208.60,$152.97,$111.25,$28.00,-,-,-,-,
FBL46,$413.12,$297.99,$203.18,$149.00,$108.36,$28.00,-,-,-,-,
FBL47,$380.62,$275.17,$188.36,$138.75,$101.54,$28.00,-,-,-,-,
FBL48,$418.88,$302.79,$207.19,$152.56,$111.59,$28.00,-,-,-,-,
FBL49,$378.29,$272.87,$186.05,$136.43,$99.22,$28.00,-,-,-,-,
FBL50,$378.29,$272.87,$186.05,$136.43,$99.22,$28.00,-,-,-,-,
FBL51,$837.20,$607.75,$415.50,$303.87,$186.05,$28.00,-,-,-,-,
FBL52,$839.51,$610.09,$417.81,$306.19,$188.36,$28.00,-,-,-,-,
FBL53,$837.20,$607.75,$415.50,$303.87,$186.05,$28.00,-,-,-,-,
FBL54,$839.51,$610.09,$417.81,$306.19,$188.36,$28.00,-,-,-,-,
FBL55,$899.22,$651.16,$446.51,$322.48,$223.25,$104.19,-,-,-,-,
FBL56,$899.22,$651.16,$446.51,$322.48,$223.25,$104.19,-,-,-,-,
FBL57,"$1,304.66",$944.94,$647.30,$473.63,$281.40,$106.50,-,-,-,-,
FBL58,"$1,304.66",$944.94,$647.30,$473.63,$281.40,$106.50,-,-,-,-,
FEN01,$303.87,$198.45,$111.63,$28.00,-,-,-,-,-,-,
FEN02,$576.74,$372.09,$210.85,$74.42,-,-,-,-,-,-,
FEN03,$303.87,$198.45,$111.63,$28.00,-,-,-,-,-,-,
FEN04,$576.74,$372.09,$210.85,$74.42,-,-,-,-,-,-,
FEN05,$303.87,$198.45,$111.63,$28.00,-,-,-,-,-,-,
FEN06,$576.74,$372.09,$210.85,$74.42,-,-,-,-,-,-,
FEN07,$303.87,$198.45,$111.63,$28.00,-,-,-,-,-,-,
FEN08,$576.74,$372.09,$210.85,$74.42,-,-,-,-,-,-,
FEN09,$303.87,$198.45,$111.63,$28.00,-,-,-,-,-,-,
FEN10,$576.74,$372.09,$210.85,$74.42,-,-,-,-,-,-,
FEN11,$303.87,$198.45,$111.63,$28.00,-,-,-,-,-,-,
FEN12,$576.74,$372.09,$210.85,$74.42,-,-,-,-,-,-,
FEN13,$303.87,$198.45,$111.63,$28.00,-,-,-,-,-,-,
FEN14,$576.74,$372.09,$210.85,$74.42,-,-,-,-,-,-,
FEN15,$303.87,$198.45,$111.63,$28.00,-,-,-,-,-,-,
FEN16,$576.74,$372.09,$210.85,$74.42,-,-,-,-,-,-,
FEN17,$303.87,$198.45,$111.63,$28.00,-,-,-,-,-,-,
FEN18,$576.74,$372.09,$210.85,$74.42,-,-,-,-,-,-,
FFB01,$260.46,$167.44,$93.02,$28.00,-,-,-,-,-,-,
FFB02,$260.46,$167.44,$93.02,$28.00,-,-,-,-,-,-,
FFB03,$260.46,$167.44,$93.02,$28.00,-,-,-,-,-,-,
FFB04,$260.46,$167.44,$93.02,$28.00,-,-,-,-,-,-,
FFB05,$260.46,$167.44,$93.02,$28.00,-,-,-,-,-,-,
FFB06,$260.46,$167.44,$93.02,$28.00,-,-,-,-,-,-,
FFB07,$260.46,$167.44,$93.02,$28.00,-,-,-,-,-,-,
FFB08,$260.46,$167.44,$93.02,$28.00,-,-,-,-,-,-,
FFB09,$260.46,$167.44,$93.02,$28.00,-,-,-,-,-,-,
FFB10,$260.46,$167.44,$93.02,$28.00,-,-,-,-,-,-,
FFB11,$341.08,$210.85,$124.03,$62.02,-,-,-,-,-,-,
FFB12,$341.08,$210.85,$124.03,$62.02,-,-,-,-,-,-,
FFB13,$558.14,$390.69,$223.25,$104.19,-,-,-,-,-,-,
FFB14,$496.12,$310.08,$179.84,$74.42,-,-,-,-,-,-,
GAR01,$837.20,$539.53,$310.08,$229.46,$148.80,$74.42,$43.41,-,-,-,
GAR02,$837.20,$539.53,$310.08,$229.46,$148.80,$74.42,$43.41,-,-,-,
GAR03,$837.20,$539.53,$310.08,$229.46,$148.80,$74.42,$43.41,-,-,-,
GAR04,"$1,116.27",$719.37,$434.11,$303.87,$204.65,$111.63,$43.31,-,-,-,
GAR05,"$1,116.27",$719.37,$434.11,$303.87,$204.65,$111.63,$43.31,-,-,-,
GAR06,"$1,116.27",$719.37,$434.11,$303.87,$204.65,$111.63,$43.31,-,-,-,
GAR07,"$1,116.27",$719.37,$434.11,$303.87,$204.65,$111.63,$43.31,-,-,-,
GAR08,"$2,263.55","$1,593.79",$837.20,$496.12,$359.69,$210.85,$104.19,-,-,-,
GAR09,"$2,460.76","$1,972.08","$1,234.10",$731.78,$384.49,$235.66,$104.19,-,-,-,
GAR10,"$2,263.55","$1,593.79",$837.20,$496.12,$359.69,$210.85,$104.19,-,-,-,
GAR11,"$2,460.76","$1,972.08","$1,234.10",$731.78,$384.49,$235.66,$104.19,-,-,-,
GAR12,"$2,460.76","$1,972.08","$1,234.10",$731.78,$384.49,$235.66,$104.19,-,-,-,
GAR13,"$2,460.76","$1,972.08","$1,234.10",$731.78,$384.49,$235.66,$104.19,-,-,-,
GAR14,"$2,460.76","$1,972.08","$1,234.10",$731.78,$384.49,$235.66,$104.19,-,-,-,
GAR15,"$2,460.76","$1,972.08","$1,234.10",$731.78,$384.49,$235.66,$104.19,-,-,-,
GLF01,$28.00,-,-,-,-,-,-,-,-,-,
GLF02,$43.41,-,-,-,-,-,-,-,-,-,
GLF03,$104.19,-,-,-,-,-,-,-,-,-,
GLF04,$427.90,$235.66,-,-,-,-,-,-,-,-,
GLF05,$104.19,-,-,-,-,-,-,-,-,-,
GLF06,$427.90,$161.24,-,-,-,-,-,-,-,-,
GLF07,$28.00,-,-,-,-,-,-,-,-,-,
GLF08,$28.00,-,-,-,-,-,-,-,-,-,
GLF09,$43.41,-,-,-,-,-,-,-,-,-,
GLF10,$427.90,$161.24,-,-,-,-,-,-,-,-,
GRY01,$527.13,$310.08,$130.23,$28.00,-,-,-,-,-,-,
GRY02,$527.13,$310.08,$130.23,$28.00,-,-,-,-,-,-,
GRY03,$527.13,$310.08,$130.23,$28.00,-,-,-,-,-,-,
GRY04,$682.17,$527.13,$248.06,$104.19,-,-,-,-,-,-,
GRY05,$682.17,$527.13,$248.06,$104.19,-,-,-,-,-,-,
GTR01,$682.17,$446.51,$204.65,$28.00,-,-,-,-,-,-,
GTR02,$682.17,$446.51,$204.65,$28.00,-,-,-,-,-,-,
HBL01,$241.86,$148.84,$74.42,$28.00,-,-,-,-,-,-,
HBL02,$241.86,$148.84,$74.42,$28.00,-,-,-,-,-,-,
HBL03,$241.86,$148.84,$74.42,$28.00,-,-,-,-,-,-,
HBL04,$241.86,$148.84,$74.42,$28.00,-,-,-,-,-,-,
HBL05,$241.86,$148.84,$74.42,$28.00,-,-,-,-,-,-,
HBL06,$241.86,$148.84,$74.42,$28.00,-,-,-,-,-,-,
HBL07,$241.86,$148.84,$74.42,$28.00,-,-,-,-,-,-,
HBL08,$241.86,$148.84,$74.42,$28.00,-,-,-,-,-,-,
HBL09,$241.86,$148.84,$74.42,$28.00,-,-,-,-,-,-,
HBL10,$241.86,$148.84,$74.42,$28.00,-,-,-,-,-,-,
HBL11,$241.86,$148.84,$74.42,$28.00,-,-,-,-,-,-,
HBL12,$241.86,$148.84,$74.42,$28.00,-,-,-,-,-,-,
HBL13,$241.86,$148.84,$74.42,$28.00,-,-,-,-,-,-,
HBL14,$241.86,$148.84,$74.42,$28.00,-,-,-,-,-,-,
HBL15,$241.86,$148.84,$74.42,$28.00,-,-,-,-,-,-,
HBL16,$241.86,$148.84,$74.42,$28.00,-,-,-,-,-,-,
HBL17,$241.86,$148.84,$74.42,$28.00,-,-,-,-,-,-,
HBL18,$241.86,$148.84,$74.42,$28.00,-,-,-,-,-,-,
HBL19,$241.86,$148.84,$74.42,$28.00,-,-,-,-,-,-,
HBL20,$241.86,$148.84,$74.42,$28.00,-,-,-,-,-,-,
HBL21,$241.86,$148.84,$74.42,$28.00,-,-,-,-,-,-,
HBL22,$241.86,$148.84,$74.42,$28.00,-,-,-,-,-,-,
HBL23,$241.86,$148.84,$74.42,$28.00,-,-,-,-,-,-,
HBL24,$241.86,$148.84,$74.42,$28.00,-,-,-,-,-,-,
HBL25,$241.86,$148.84,$74.42,$28.00,-,-,-,-,-,-,
HBL26,$241.86,$148.84,$74.42,$28.00,-,-,-,-,-,-,
HBL27,$241.86,$148.84,$74.42,$28.00,-,-,-,-,-,-,
HBL28,$241.86,$148.84,$74.42,$28.00,-,-,-,-,-,-,
HBL29,$241.86,$148.84,$74.42,$28.00,-,-,-,-,-,-,
HBL30,$241.86,$148.84,$74.42,$28.00,-,-,-,-,-,-,
HBL31,$254.26,$161.24,$80.62,$37.21,-,-,-,-,-,-,
HBL32,$254.26,$161.24,$80.62,$37.21,-,-,-,-,-,-,
HBL33,$254.26,$161.24,$80.62,$37.21,-,-,-,-,-,-,
HBL34,$254.26,$161.24,$80.62,$37.21,-,-,-,-,-,-,
HBL35,$254.26,$161.24,$80.62,$37.21,-,-,-,-,-,-,
HBL36,$254.26,$161.24,$80.62,$37.21,-,-,-,-,-,-,
HBL37,$254.26,$161.24,$80.62,$37.21,-,-,-,-,-,-,
HBL38,$254.26,$161.24,$80.62,$37.21,-,-,-,-,-,-,
HBL39,$303.87,$186.05,$86.82,$43.41,-,-,-,-,-,-,
HBL40,$303.87,$186.05,$86.82,$43.41,-,-,-,-,-,-,
HBL41,$303.87,$186.05,$86.82,$43.41,-,-,-,-,-,-,
HBL42,$303.87,$186.05,$86.82,$43.41,-,-,-,-,-,-,
HBL43,$322.48,$198.45,$93.02,$43.41,-,-,-,-,-,-,
HBL44,$458.91,$279.07,$136.43,$62.02,-,-,-,-,-,-,
HBL45,$322.48,$198.45,$93.02,$43.41,-,-,-,-,-,-,
HBL46,$458.91,$279.07,$136.43,$62.02,-,-,-,-,-,-,
HOC01,$279.07,$173.64,$93.02,$28.00,-,-,-,-,-,-,
HOC02,$279.07,$173.64,$93.02,$28.00,-,-,-,-,-,-,
HOC03,$279.07,$173.64,$93.02,$28.00,-,-,-,-,-,-,
HOC04,$279.07,$173.64,$93.02,$28.00,-,-,-,-,-,-,
HOC05,$279.07,$173.64,$93.02,$28.00,-,-,-,-,-,-,
HOC06,$279.07,$173.64,$93.02,$28.00,-,-,-,-,-,-,
HOC07,$279.07,$173.64,$93.02,$28.00,-,-,-,-,-,-,
HOC08,$279.07,$173.64,$93.02,$28.00,-,-,-,-,-,-,
HOC09,$279.07,$173.64,$93.02,$28.00,-,-,-,-,-,-,
HOC10,$279.07,$173.64,$93.02,$28.00,-,-,-,-,-,-,
HOC11,$279.07,$173.64,$93.02,$28.00,-,-,-,-,-,-,
HOC12,$279.07,$173.64,$93.02,$28.00,-,-,-,-,-,-,
HOC13,$279.07,$173.64,$93.02,$28.00,-,-,-,-,-,-,
HOC14,$279.07,$173.64,$93.02,$28.00,-,-,-,-,-,-,
HOC15,$279.07,$173.64,$93.02,$28.00,-,-,-,-,-,-,
HOC16,$279.07,$173.64,$93.02,$28.00,-,-,-,-,-,-,
HOC17,$279.07,$173.64,$93.02,$28.00,-,-,-,-,-,-,
HOC18,$279.07,$173.64,$93.02,$28.00,-,-,-,-,-,-,
HOC19,$279.07,$173.64,$93.02,$28.00,-,-,-,-,-,-,
HOC20,$279.07,$173.64,$93.02,$28.00,-,-,-,-,-,-,
HOC21,$279.07,$173.64,$93.02,$28.00,-,-,-,-,-,-,
HOC22,$279.07,$173.64,$93.02,$28.00,-,-,-,-,-,-,
HOC23,$291.47,$179.84,$99.22,$43.41,-,-,-,-,-,-,
HOC24,$291.47,$179.84,$99.22,$43.41,-,-,-,-,-,-,
HOC25,$291.47,$179.84,$99.22,$43.41,-,-,-,-,-,-,
HOC26,$291.47,$179.84,$99.22,$43.41,-,-,-,-,-,-,
HOC27,$347.28,$217.05,$117.83,$49.61,-,-,-,-,-,-,
HOC28,$347.28,$217.05,$117.83,$49.61,-,-,-,-,-,-,
HOC29,$347.28,$217.05,$117.83,$49.61,-,-,-,-,-,-,
HOC30,$347.28,$217.05,$117.83,$49.61,-,-,-,-,-,-,
HOC31,$372.09,$229.46,$124.03,$49.61,-,-,-,-,-,-,
HOC32,$372.09,$229.46,$124.03,$49.61,-,-,-,-,-,-,
HOC33,$527.13,$328.68,$179.84,$74.42,-,-,-,-,-,-,
HOC34,$527.13,$328.68,$179.84,$74.42,-,-,-,-,-,-,
JUD01,$248.06,$155.04,$93.02,$28.00,-,-,-,-,-,-,
JUD02,$471.31,$297.67,$179.84,$74.42,-,-,-,-,-,-,
JUD03,$248.06,$155.04,$93.02,$28.00,-,-,-,-,-,-,
JUD04,$471.31,$297.67,$179.84,$74.42,-,-,-,-,-,-,
JUD05,$248.06,$155.04,$93.02,$28.00,-,-,-,-,-,-,
JUD06,$471.31,$297.67,$179.84,$74.42,-,-,-,-,-,-,
JUD07,$248.06,$155.04,$93.02,$28.00,-,-,-,-,-,-,
JUD08,$471.31,$297.67,$179.84,$74.42,-,-,-,-,-,-,
JUD09,$248.06,$155.04,$93.02,$28.00,-,-,-,-,-,-,
JUD10,$471.31,$297.67,$179.84,$74.42,-,-,-,-,-,-,
JUD11,$248.06,$155.04,$93.02,$28.00,-,-,-,-,-,-,
JUD12,$471.31,$297.67,$179.84,$74.42,-,-,-,-,-,-,
JUD13,$248.06,$155.04,$93.02,$28.00,-,-,-,-,-,-,
JUD14,$471.31,$297.67,$179.84,$74.42,-,-,-,-,-,-,
JUD15,$297.67,$186.05,$111.63,$43.41,-,-,-,-,-,-,
JUD16,$471.31,$297.67,$179.84,$74.42,-,-,-,-,-,-,
LAC01,$248.06,$161.24,$93.02,$28.00,-,-,-,-,-,-,
LAC02,$248.06,$161.24,$93.02,$28.00,-,-,-,-,-,-,
LAC03,$248.06,$161.24,$93.02,$28.00,-,-,-,-,-,-,
LAC04,$248.06,$161.24,$93.02,$28.00,-,-,-,-,-,-,
LAC05,$248.06,$161.24,$93.02,$28.00,-,-,-,-,-,-,
LAC06,$248.06,$161.24,$93.02,$28.00,-,-,-,-,-,-,
LAC07,$248.06,$161.24,$93.02,$28.00,-,-,-,-,-,-,
LAC08,$248.06,$161.24,$93.02,$28.00,-,-,-,-,-,-,
LAC09,$248.06,$161.24,$93.02,$28.00,-,-,-,-,-,-,
LAC10,$248.06,$161.24,$93.02,$28.00,-,-,-,-,-,-,
LAC11,$471.31,$303.87,$173.64,$62.02,-,-,-,-,-,-,
LAC12,$471.31,$303.87,$173.64,$62.02,-,-,-,-,-,-,
MPN01,$291.47,$204.65,$124.30,$28.00,-,-,-,-,-,-,
MPN02,$291.47,$204.65,$124.30,$28.00,-,-,-,-,-,-,
MPN03,$446.51,$316.28,$186.05,$74.42,-,-,-,-,-,-,
MPN04,$446.51,$316.28,$186.05,$74.42,-,-,-,-,-,-,
MTB01,$124.03,$28.00,-,-,-,-,-,-,-,-,
MTB02,$124.03,$28.00,-,-,-,-,-,-,-,-,
OWS01,$124.04,$28.00,-,-,-,-,-,-,-,-,
OWS02,$124.04,$28.00,-,-,-,-,-,-,-,-,
RCB01,$124.04,$28.00,-,-,-,-,-,-,-,-,
RCB02,$229.46,$93.02,-,-,-,-,-,-,-,-,
RCB03,$124.04,$28.00,-,-,-,-,-,-,-,-,
RCB04,$229.46,$93.02,-,-,-,-,-,-,-,-,
ROW01,$124.04,$28.00,-,-,-,-,-,-,-,-,
ROW02,$124.04,$28.00,-,-,-,-,-,-,-,-,
ROW03,$229.46,$93.02,-,-,-,-,-,-,-,-,
ROW04,$229.46,$93.02,-,-,-,-,-,-,-,-,
ROW05,$229.46,$93.02,-,-,-,-,-,-,-,-,
ROW06,$229.46,$93.02,-,-,-,-,-,-,-,-,
ROW07,$229.46,$93.02,-,-,-,-,-,-,-,-,
ROW08,$229.46,$93.02,-,-,-,-,-,-,-,-,
RU701,$254.26,$173.64,$111.63,$28.00,-,-,-,-,-,-,
RU702,$254.26,$173.64,$111.63,$28.00,-,-,-,-,-,-,
RU703,$254.26,$173.64,$111.63,$28.00,-,-,-,-,-,-,
RU704,$266.66,$186.05,$117.83,$43.41,-,-,-,-,-,-,
RU705,$316.28,$217.05,$136.43,$43.41,-,-,-,-,-,-,
RU706,$477.52,$328.68,$204.65,$74.42,-,-,-,-,-,-,
RU707,$254.26,$173.64,$111.63,$28.00,-,-,-,-,-,-,
RU708,$254.26,$173.64,$111.63,$28.00,-,-,-,-,-,-,
RU709,$254.26,$173.64,$111.63,$28.00,-,-,-,-,-,-,
RU710,$266.66,$186.05,$117.83,$43.41,-,-,-,-,-,-,
RU711,$316.28,$217.05,$136.43,$43.41,-,-,-,-,-,-,
RU712,$477.52,$328.68,$204.65,$74.42,-,-,-,-,-,-,
SAL01,$28.00,-,-,-,-,-,-,-,-,-,
SAL02,$28.00,-,-,-,-,-,-,-,-,-,
SAL03,$28.00,-,-,-,-,-,-,-,-,-,
SAL04,$104.19,-,-,-,-,-,-,-,-,-,
SAL05,$104.19,-,-,-,-,-,-,-,-,-,
SAL06,$28.00,-,-,-,-,-,-,-,-,-,
SAL07,$28.00,-,-,-,-,-,-,-,-,-,
SAL08,$28.00,-,-,-,-,-,-,-,-,-,
SAL09,$104.19,-,-,-,-,-,-,-,-,-,
SAL10,$104.19,-,-,-,-,-,-,-,-,-,
SAL11,$104.19,-,-,-,-,-,-,-,-,-,
SHO01,$104.19,$28.00,-,-,-,-,-,-,-,-,
SHO02,$104.19,$28.00,-,-,-,-,-,-,-,-,
SHO03,$104.19,$28.00,-,-,-,-,-,-,-,-,
SHO04,$104.19,$28.00,-,-,-,-,-,-,-,-,
SHO05,$104.19,$28.00,-,-,-,-,-,-,-,-,
SHO06,$104.19,$28.00,-,-,-,-,-,-,-,-,
SHO07,$104.19,$28.00,-,-,-,-,-,-,-,-,
SHO08,$104.19,$28.00,-,-,-,-,-,-,-,-,
SHO09,$104.19,$28.00,-,-,-,-,-,-,-,-,
SHO10,$104.19,$28.00,-,-,-,-,-,-,-,-,
SHO11,$104.19,$28.00,-,-,-,-,-,-,-,-,
SHO12,$104.19,$28.00,-,-,-,-,-,-,-,-,
SKB01,$527.13,$241.86,$124.03,$28.00,-,-,-,-,-,-,
SKB02,$527.13,$241.86,$124.03,$28.00,-,-,-,-,-,-,
SKB03,$682.17,$458.91,$229.46,$93.02,-,-,-,-,-,-,
SKB04,$682.17,$458.91,$229.46,$93.02,-,-,-,-,-,-,
SKB05,$527.13,$241.86,$124.03,$28.00,-,-,-,-,-,-,
SKB06,$527.13,$241.86,$124.03,$28.00,-,-,-,-,-,-,
SKB07,$682.17,$458.91,$229.46,$93.02,-,-,-,-,-,-,
SKB08,$682.17,$458.91,$229.46,$93.02,-,-,-,-,-,-,
SQU01,$297.67,$204.65,$130.23,$28.00,-,-,-,-,-,-,
SQU02,$297.67,$204.65,$130.23,$28.00,-,-,-,-,-,-,
SQU03,$297.67,$204.65,$130.23,$28.00,-,-,-,-,-,-,
SQU04,$297.67,$204.65,$130.23,$28.00,-,-,-,-,-,-,
SQU05,$310.08,$210.85,$136.43,$43.41,-,-,-,-,-,-,
SQU06,$310.08,$210.85,$136.43,$43.41,-,-,-,-,-,-,
SQU07,$372.09,$254.26,$161.24,$49.61,-,-,-,-,-,-,
SQU08,$372.09,$254.26,$161.24,$49.61,-,-,-,-,-,-,
SQU09,$564.34,$384.49,$248.06,$74.42,-,-,-,-,-,-,
SQU10,$564.34,$384.49,$248.06,$74.42,-,-,-,-,-,-,
SRF01,$28.00,-,-,-,-,-,-,-,-,-,
SRF02,$28.00,-,-,-,-,-,-,-,-,-,
SRF03,$28.00,-,-,-,-,-,-,-,-,-,
SRF04,$104.19,-,-,-,-,-,-,-,-,-,
SWA01,$328.68,$248.06,$117.83,$28.00,-,-,-,-,-,-,
SWA02,$626.35,$465.11,$229.46,$104.19,-,-,-,-,-,-,
SWA03,$328.68,$248.06,$117.83,$28.00,-,-,-,-,-,-,
SWA04,$328.68,$248.06,$117.83,$28.00,-,-,-,-,-,-,
SWA05,$626.35,$465.11,$229.46,$104.19,-,-,-,-,-,-,
SWM01,"$1,116.27",$806.20,$558.14,$372.09,$279.07,$161.24,$93.02,$49.61,-,-,
SWM02,"$1,860.45","$1,395.34","$1,116.27",$744.18,$558.14,$310.08,$186.05,$104.19,-,-,
SWM03,"$1,116.27",$806.20,$558.14,$372.09,$279.07,$161.24,$93.02,$49.61,-,-,
SWM04,"$1,860.45","$1,395.34","$1,116.27",$744.18,$558.14,$310.08,$186.05,$104.19,-,-,
SWM05,"$1,116.27",$806.20,$558.14,$372.09,$279.07,$161.24,$93.02,$28.00,-,-,
SWM06,"$1,860.45","$1,395.34","$1,116.27",$744.18,$558.14,$310.08,$186.05,$104.19,-,-,
SWM07,"$1,116.27",$806.20,$558.14,$372.09,$279.07,$161.24,$93.02,$28.00,-,-,
SWM08,"$1,860.45","$1,395.34","$1,116.27",$744.18,$558.14,$310.08,$186.05,$104.19,-,-,
SWM09,"$1,116.27",$806.20,$558.14,$372.09,$279.07,$161.24,$93.02,$28.00,-,-,
SWM10,"$1,860.45","$1,395.34","$1,116.27",$744.18,$558.14,$310.08,$186.05,$104.19,-,-,
SWM11,"$1,116.27",$806.20,$558.14,$372.09,$279.07,$161.24,$93.02,$28.00,-,-,
SWM12,"$1,860.45","$1,395.34","$1,116.27",$744.18,$558.14,$310.08,$186.05,$104.19,-,-,
SWM13,"$1,116.27",$806.20,$558.14,$372.09,$279.07,$161.20,$93.02,$28.00,-,-,
SWM14,"$1,860.45","$1,395.34","$1,116.27",$744.18,$558.14,$310.08,$186.05,$104.19,-,-,
SWM15,"$1,116.27",$806.20,$558.14,$372.09,$279.07,$161.20,$93.02,$49.61,-,-,
SWM16,"$1,860.45","$1,395.34","$1,116.27",$744.18,$558.14,$310.08,$186.05,$104.19,-,-,
SWM17,"$1,860.45","$1,395.34","$1,116.27",$744.18,$558.14,$310.08,$186.05,$104.19,-,-,
TEN01,$520.93,$322.48,$173.64,$68.22,-,-,-,-,-,-,
TEN02,$396.90,$210.85,$80.62,-,-,-,-,-,-,-,
TEN03,$186.05,$80.62,-,-,-,-,-,-,-,-,
TEN04,$551.93,$341.08,$186.05,$74.42,-,-,-,-,-,-,
TEN05,$421.70,$229.46,$93.02,-,-,-,-,-,-,-,
TEN06,$651.16,$403.10,$217.05,$93.02,-,-,-,-,-,-,
TEN07,$396.90,$210.85,$80.62,-,-,-,-,-,-,-,
TEN08,$186.05,$80.62,-,-,-,-,-,-,-,-,
TEN09,$28.00,-,-,-,-,-,-,-,-,-,
TEN10,$992.24,$613.95,$328.68,$104.19,-,-,-,-,-,-,
TEN11,$520.93,$322.48,$173.64,$68.22,-,-,-,-,-,-,
TEN12,$396.90,$210.85,$80.62,-,-,-,-,-,-,-,
TEN13,$186.05,$80.62,-,-,-,-,-,-,-,-,
TEN14,$28.00,-,-,-,-,-,-,-,-,-,
TEN15,$520.93,$322.48,$173.64,$68.22,-,-,-,-,-,-,
TEN16,$520.93,$322.48,$173.64,$68.22,-,-,-,-,-,-,
TEN17,$396.90,$210.85,$80.62,-,-,-,-,-,-,-,
TEN18,$186.05,$80.62,-,-,-,-,-,-,-,-,
TEN19,$28.00,-,-,-,-,-,-,-,-,-,
TEN20,$520.93,$322.48,$173.64,$68.22,-,-,-,-,-,-,
TEN21,$520.93,$322.48,$173.64,$68.22,-,-,-,-,-,-,
TEN22,$396.90,$210.85,$80.62,-,-,-,-,-,-,-,
TEN23,$186.05,$80.62,-,-,-,-,-,-,-,-,
TEN24,$28.00,-,-,-,-,-,-,-,-,-,
TEN25,$520.93,$322.48,$173.64,$68.22,-,-,-,-,-,-,
TEN26,$551.93,$341.08,$186.05,$74.42,-,-,-,-,-,-,
TEN27,$421.70,$229.46,$93.02,-,-,-,-,-,-,-,
TEN28,$229.46,$93.02,-,-,-,-,-,-,-,-,
TEN29,$62.02,-,-,-,-,-,-,-,-,-,
TEN30,$551.93,$341.08,$186.05,$74.42,-,-,-,-,-,-,
TEN31,$651.16,$403.10,$217.05,$93.02,-,-,-,-,-,-,
TEN32,$533.33,$285.27,$99.22,-,-,-,-,-,-,-,
TEN33,$260.46,$99.22,-,-,-,-,-,-,-,-,
TEN34,$62.02,-,-,-,-,-,-,-,-,-,
TEN35,$651.16,$403.10,$217.05,$93.02,-,-,-,-,-,-,
TEN36,$651.16,$403.10,$217.05,$93.02,-,-,-,-,-,-,
TEN37,$651.16,$403.10,$217.05,$93.02,-,-,-,-,-,-,
TEN38,$992.24,$613.95,$328.68,$104.19,-,-,-,-,-,-,
TEN39,$992.24,$613.95,$328.68,$104.19,-,-,-,-,-,-,
TEN40,$992.24,$613.95,$328.68,$104.19,-,-,-,-,-,-,
TEN41,$992.24,$613.95,$328.68,$104.19,-,-,-,-,-,-,
TKW01,$260.46,$192.25,$93.02,$28.00,-,-,-,-,-,-,
TKW02,$322.48,$235.66,$117.83,$49.61,-,-,-,-,-,-,
TKW03,$489.92,$359.69,179.84,74.42,-,-,-,-,-,-,
TKW04,$260.46,$192.25,$93.02,$28.00,-,-,-,-,-,-,
TKW05,$322.48,$235.66,$117.83,$49.61,-,-,-,-,-,-,
TKW06,$489.92,$359.69,179.84,74.42,-,-,-,-,-,-,
TKW07,$260.46,$192.25,$93.02,$28.00,-,-,-,-,-,-,
TKW08,$322.48,$235.66,$117.83,$49.61,-,-,-,-,-,-,
TKW09,$489.92,$359.69,179.84,74.42,-,-,-,-,-,-,
TKW10,$260.46,$192.25,$93.02,$28.00,-,-,-,-,-,-,
TKW11,$322.48,$235.66,$117.83,$49.61,-,-,-,-,-,-,
TKW12,$489.92,$359.69,179.84,$74.42,-,-,-,-,-,-,
TRI01,$124.03,$28.00,-,-,-,-,-,-,-,-,
TRI02,$124.03,$28.00,-,-,-,-,-,-,-,-,
TRI03,$124.03,$28.00,-,-,-,-,-,-,-,-,
TTE01,$303.87,$204.65,$136.43,$28.00,-,-,-,-,-,-,
TTE02,$303.87,$204.65,$136.43,$28.00,-,-,-,-,-,-,
TTE03,$303.87,$204.65,$136.43,$28.00,-,-,-,-,-,-,
TTE04,$316.28,$217.05,$142.63,$68.22,-,-,-,-,-,-,
TTE05,$303.87,$204.65,$136.43,$28.00,-,-,-,-,-,-,
TTE06,$378.29,$254.26,$173.64,$80.62,-,-,-,-,-,-,
TTE07,$316.28,$217.05,$142.63,$68.22,-,-,-,-,-,-,
TTE08,$303.87,$204.65,$136.43,$28.00,-,-,-,-,-,-,
TTE09,$570.54,$384.49,$260.46,$104.19,-,-,-,-,-,-,
TTE10,$378.29,$254.26,$173.64,$80.62,-,-,-,-,-,-,
TTE11,$303.87,$204.65,$136.43,$28.00,-,-,-,-,-,-,
TTE12,$570.54,$384.49,$260.46,$104.19,-,-,-,-,-,-,
TTE13,$378.29,$254.26,$173.64,$80.62,-,-,-,-,-,-,
TTE14,$303.87,$204.65,$173.64,$28.00,-,-,-,-,-,-,
TTE15,$570.54,$384.49,$260.46,$104.19,-,-,-,-,-,-,
TTE16,$303.87,$204.65,$173.64,$28.00,-,-,-,-,-,-,
TTE17,$303.87,$204.65,$173.64,$28.00,-,-,-,-,-,-,
TTE18,$303.87,$204.65,$173.64,$28.00,-,-,-,-,-,-,
TTE19,$316.28,$217.05,$173.64,$68.22,-,-,-,-,-,-,
TTE20,$316.28,$217.05,$173.64,$68.22,-,-,-,-,-,-,
TTE21,$316.28,$217.05,$173.64,$68.22,-,-,-,-,-,-,
TTE22,$378.29,$254.26,$173.64,$80.62,-,-,-,-,-,-,
TTE23,$570.54,$384.49,$260.46,$104.19,-,-,-,-,-,-,
TTE24,$378.29,$254.26,$173.64,$80.62,-,-,-,-,-,-,
TTE25,$570.54,$384.49,$260.46,$104.19,-,-,-,-,-,-,
TTE26,$303.87,$204.65,$173.64,$28.00,-,-,-,-,-,-,
TTE27,$303.87,$204.65,$173.64,$28.00,-,-,-,-,-,-,
TTE28,$303.87,$204.65,$173.64,$28.00,-,-,-,-,-,-,
TTE29,$303.87,$204.65,$173.64,$28.00,-,-,-,-,-,-,
TTE30,$303.87,$204.65,$173.64,$28.00,-,-,-,-,-,-,
TTE31,$303.87,$204.65,$173.64,$28.00,-,-,-,-,-,-,
TTE32,$316.28,$217.05,$173.64,$68.22,-,-,-,-,-,-,
TTE33,$316.28,$217.05,$173.64,$68.22,-,-,-,-,-,-,
TTE34,$378.29,$254.26,$173.64,$80.62,-,-,-,-,-,-,
TTE35,$378.29,$254.26,$173.64,$80.62,-,-,-,-,-,-,
TTE36,$403.10,$272.87,$186.05,$86.82,-,-,-,-,-,-,
TTE37,$570.54,$384.49,$260.46,$104.19,-,-,-,-,-,-,
VBV01,$558.14,$297.67,$148.84,$28.00,-,-,-,-,-,-,
VBV02,$558.14,$297.67,$148.84,$49.61,-,-,-,-,-,-,
VBV03,$582.94,$310.08,$155.04,$49.61,-,-,-,-,-,-,
VBV04,$558.14,$297.67,$148.84,$28.00,-,-,-,-,-,-,
VBV05,$558.14,$297.67,$148.84,$49.61,-,-,-,-,-,-,
VBV06,$582.94,$310.08,$155.04,$49.61,-,-,-,-,-,-,
VBV07,$558.14,$297.67,$148.84,$28.00,-,-,-,-,-,-,
VBV08,$558.14,$297.67,$148.84,$28.00,-,-,-,-,-,-,
VBV09,$582.94,$310.08,$155.04,$49.61,-,-,-,-,-,-,
VBV10,$558.14,$297.67,$148.84,$28.00,-,-,-,-,-,-,
VBV11,$558.14,$297.67,$148.84,$28.00,-,-,-,-,-,-,
VBV12,$582.94,$310.08,$155.04,$49.61,-,-,-,-,-,-,
VBV13,$558.14,$297.67,$148.84,$28.00,-,-,-,-,-,-,
VBV14,$558.14,$297.67,$148.84,$28.00,-,-,-,-,-,-,
VBV15,$582.94,$310.08,$155.04,$49.61,-,-,-,-,-,-,
VBV16,$558.14,$297.67,$148.84,$28.00,-,-,-,-,-,-,
VBV17,$558.14,$297.67,$148.84,$28.00,-,-,-,-,-,-,
VBV18,$582.94,$310.08,$155.04,$49.61,-,-,-,-,-,-,
VBV19,$558.14,$297.67,$148.84,$28.00,-,-,-,-,-,-,
VBV20,$558.14,$297.67,$148.84,$28.00,-,-,-,-,-,-,
VBV21,$582.94,$310.08,$155.04,$49.61,-,-,-,-,-,-,
VBV22,$558.14,$297.67,$148.84,$28.00,-,-,-,-,-,-,
VBV23,$582.94,$310.08,$155.04,$49.61,-,-,-,-,-,-,
VBV24,$558.14,$297.67,$148.84,$28.00,-,-,-,-,-,-,
VBV25,$558.14,$297.67,$148.84,$49.61,-,-,-,-,-,-,
VBV26,$558.14,$297.67,$148.84,$49.61,-,-,-,-,-,-,
VBV27,$582.94,$310.08,$155.04,$49.61,-,-,-,-,-,-,
VBV28,$558.14,$297.67,$148.84,$28.00,-,-,-,-,-,-,
VBV29,$558.14,$297.67,$148.84,$28.00,-,-,-,-,-,-,
VBV30,$558.14,$297.67,$148.84,$28.00,-,-,-,-,-,-,
VBV31,$582.94,$310.08,$155.04,$49.61,-,-,-,-,-,-,
VBV32,$589.14,$310.08,$155.04,$62.02,-,-,-,-,-,-,
VBV33,$613.95,$322.48,$167.44,$68.22,-,-,-,-,-,-,
VBV34,$589.14,$310.08,$155.04,$62.02,-,-,-,-,-,-,
VBV35,$613.95,$322.48,$167.44,$68.22,-,-,-,-,-,-,
VBV36,$694.57,$372.09,$186.05,$74.42,-,-,-,-,-,-,
VBV37,$725.58,$384.49,$192.25,$80.62,-,-,-,-,-,-,
VBV38,"$1,054.26",$558.14,$279.07,$104.19,-,-,-,-,-,-,
VBV39,"$1,054.26",$558.14,$279.07,$104.19,-,-,-,-,-,-,
VVO01,$489.92,$285.27,$204.65,$28.00,-,-,-,-,-,-,
VVO02,$496.12,$291.47,$210.85,$28.00,-,-,-,-,-,-,
VVO03,$496.12,$291.47,$210.85,$28.00,-,-,-,-,-,-,
VVO04,$508.52,$297.67,$217.05,$43.41,-,-,-,-,-,-,
VVO05,$489.92,$285.27,$204.65,$28.00,-,-,-,-,-,-,
VVO06,$496.12,$291.47,$210.85,$28.00,-,-,-,-,-,-,
VVO07,$496.12,$291.47,$210.85,$28.00,-,-,-,-,-,-,
VVO08,$508.52,$297.67,$217.05,$43.41,-,-,-,-,-,-,
VVO09,$489.92,$285.27,$204.65,$28.00,-,-,-,-,-,-,
VVO10,$496.12,$291.47,$210.85,$28.00,-,-,-,-,-,-,
VVO11,$496.12,$291.47,$210.85,$28.00,-,-,-,-,-,-,
VVO12,$508.52,$297.67,$217.05,$43.41,-,-,-,-,-,-,
VVO13,$489.92,$285.27,$204.65,$28.00,-,-,-,-,-,-,
VVO14,$496.12,$291.47,$210.85,$28.00,-,-,-,-,-,-,
VVO15,$496.12,$291.47,$210.85,$28.00,-,-,-,-,-,-,
VVO16,$508.52,$297.67,$217.05,$43.41,-,-,-,-,-,-,
VVO17,$489.92,$285.27,$204.65,$28.00,-,-,-,-,-,-,
VVO18,$496.12,$291.47,$210.85,$28.00,-,-,-,-,-,-,
VVO19,$496.12,$291.47,$210.85,$28.00,-,-,-,-,-,-,
VVO20,$508.52,$297.67,$217.05,$43.41,-,-,-,-,-,-,
VVO21,$489.92,$285.27,$204.65,$28.00,-,-,-,-,-,-,
VVO22,$496.12,$291.47,$210.85,$28.00,-,-,-,-,-,-,
VVO23,$496.12,$291.47,$210.85,$28.00,-,-,-,-,-,-,
VVO24,$508.52,$297.67,$217.05,$43.41,-,-,-,-,-,-,
VVO25,$489.92,$285.27,$204.65,$28.00,-,-,-,-,-,-,
VVO26,$496.12,$291.47,$210.85,$28.00,-,-,-,-,-,-,
VVO27,$496.12,$291.47,$210.85,$28.00,-,-,-,-,-,-,
VVO28,$508.52,$297.67,$217.05,$43.41,-,-,-,-,-,-,
VVO29,$489.92,$285.27,$204.65,$28.00,-,-,-,-,-,-,
VVO30,$496.12,$291.47,$210.85,$28.00,-,-,-,-,-,-,
VVO31,$496.12,$291.47,$210.85,$28.00,-,-,-,-,-,-,
VVO32,$508.52,$297.67,$217.05,$43.41,-,-,-,-,-,-,
VVO33,$489.92,$285.27,$204.65,$28.00,-,-,-,-,-,-,
VVO34,$496.12,$291.47,$210.85,$28.00,-,-,-,-,-,-,
VVO35,$496.12,$291.47,$210.85,$28.00,-,-,-,-,-,-,
VVO36,$508.52,$297.67,$217.05,$43.41,-,-,-,-,-,-,
VVO37,$520.93,$303.87,$223.25,$68.22,-,-,-,-,-,-,
VVO38,$520.93,$303.87,$223.25,$68.22,-,-,-,-,-,-,
VVO39,$520.93,$303.87,$223.25,$68.22,-,-,-,-,-,-,
VVO40,$520.93,$303.87,$223.25,$68.22,-,-,-,-,-,-,
VVO41,$520.93,$303.87,$223.25,$68.22,-,-,-,-,-,-,
VVO42,$520.93,$303.87,$223.25,$68.22,-,-,-,-,-,-,
VVO43,$520.93,$303.87,$223.25,$68.22,-,-,-,-,-,-,
VVO44,$520.93,$303.87,$223.25,$68.22,-,-,-,-,-,-,
VVO45,$620.15,$359.69,$260.46,$80.62,-,-,-,-,-,-,
VVO46,$620.15,$359.69,$260.46,$80.62,-,-,-,-,-,-,
VVO47,$620.15,$359.69,$260.46,$80.62,-,-,-,-,-,-,
VVO48,$620.15,$359.69,$260.46,$80.62,-,-,-,-,-,-,
VVO49,$682.17,$396.90,$291.47,$104.19,-,-,-,-,-,-,
VVO50,$961.23,$558.14,$403.10,$104.19,-,-,-,-,-,-,
VVO51,$682.17,$396.90,$291.47,$104.19,-,-,-,-,-,-,
VVO52,$961.23,$558.14,$403.10,$104.19,-,-,-,-,-,-,
WLF01,$440.31,$210.85,$28.00,-,-,-,-,-,-,-,
WLF02,$558.14,$322.48,$104.19,-,-,-,-,-,-,-,
WLF03,$440.31,$210.85,$28.00,-,-,-,-,-,-,-,
WLF04,$558.14,$322.48,$104.19,-,-,-,-,-,-,-,
WLF05,$440.31,$210.85,$28.00,-,-,-,-,-,-,-,
WLF06,$558.14,$322.48,$104.19,-,-,-,-,-,-,-,
WLF07,$440.31,$210.85,$28.00,-,-,-,-,-,-,-,
WLF08,$558.14,$322.48,$104.19,-,-,-,-,-,-,-,
WLF09,$440.31,$210.85,$28.00,-,-,-,-,-,-,-,
WLF10,$558.14,$322.48,$104.19,-,-,-,-,-,-,-,
WPO01,$248.06,$167.44,$93.02,$28.00,-,-,-,-,-,-,
WPO02,$248.06,$167.44,$93.02,$28.00,-,-,-,-,-,-,
WPO03,$248.06,$167.44,$93.02,$28.00,-,-,-,-,-,-,
WPO04,$248.06,$167.44,$93.02,$28.00,-,-,-,-,-,-,
WPO05,$248.06,$167.44,$93.02,$28.00,-,-,-,-,-,-,
WPO06,$248.06,$167.44,$93.02,$28.00,-,-,-,-,-,-,
WPO07,$248.06,$167.44,$93.02,$28.00,-,-,-,-,-,-,
WPO08,$248.06,$167.44,$93.02,$28.00,-,-,-,-,-,-,
WPO09,$248.06,$167.44,$93.02,$28.00,-,-,-,-,-,-,
WPO10,$248.06,$167.44,$93.02,$28.00,-,-,-,-,-,-,
WPO11,$248.06,$167.44,$93.02,$28.00,-,-,-,-,-,-,
WPO12,$248.06,$167.44,$93.02,$28.00,-,-,-,-,-,-,
WPO13,$248.06,$167.44,$93.02,$28.00,-,-,-,-,-,-,
WPO14,$248.06,$167.44,$93.02,$28.00,-,-,-,-,-,-,
WPO15,$248.06,$167.44,$93.02,$28.00,-,-,-,-,-,-,
WPO16,$248.06,$167.44,$93.02,$28.00,-,-,-,-,-,-,
WPO17,$248.06,$167.44,$93.02,$28.00,-,-,-,-,-,-,
WPO18,$248.06,$167.44,$93.02,$68.22,-,-,-,-,-,-,
WPO19,$266.66,$173.64,$99.22,$43.41,-,-,-,-,-,-,
WPO20,$266.66,$173.64,$99.22,$43.41,-,-,-,-,-,-,
WPO21,$266.66,$173.64,$99.22,$43.41,-,-,-,-,-,-,
WPO22,$266.66,$173.64,$99.22,$43.41,-,-,-,-,-,-,
WPO23,$310.08,$204.65,$117.83,$49.61,-,-,-,-,-,-,
WPO24,$310.08,$204.65,$117.83,$49.61,-,-,-,-,-,-,
WPO25,$334.88,$217.05,$130.23,$55.81,-,-,-,-,-,-,
WPO26,$477.52,$310.08,$179.84,$74.42,-,-,-,-,-,-,
WPO27,$334.88,$217.05,$130.23,$55.81,-,-,-,-,-,-,
WPO28,$477.52,$310.08,$179.84,$74.42,-,-,-,-,-,-,
WRE01,$396.90,$167.44,$86.82,$28.00,-,-,-,-,-,-,
WRE02,$489.92,$204.65,$105.43,$68.22,-,-,-,-,-,-,
WRE03,$396.90,$167.44,$86.82,$28.00,-,-,-,-,-,-,
WRE04,$682.17,$310.08,$155.04,$74.42,-,-,-,-,-,-,
WRE05,$396.90,$167.44,$86.82,$28.00,-,-,-,-,-,-,
WRE06,$682.17,$310.08,$155.04,$74.42,-,-,-,-,-,-,
WRE07,$396.90,$167.44,$86.82,$28.00,-,-,-,-,-,-,
WRE08,$682.17,$310.08,$155.04,$74.42,-,-,-,-,-,-,
WRE09,$396.90,$167.44,$86.82,$28.00,-,-,-,-,-,-,
WRE10,$682.17,$310.08,$155.04,$74.42,-,-,-,-,-,-,
WRE11,$396.90,$167.44,$86.82,$28.00,-,-,-,-,-,-,
WRE12,$682.17,$310.08,$155.04,$74.42,-,-,-,-,-,-,
WRE13,$682.17,$310.08,$155.04,$74.42,-,-,-,-,-,-,